owner,label,type,liquidity,positions,in_range_positions,token_ids,cur_usdc,cur_lmts
0x5f0aea872b7d6dbcc181338f80048b130e443e3b,our_pool_wallet,ours,2627723165986167325,2,1,"3390625,3400595",142274.780463,2187964.725818
0x8ebe6ad4f5bd2f471e0eb828c5918996dd2cd756,buyb_cnbase,ours,879441087741846,1,1,3353478,86.996772,1175.588058
0xad9c88321891ce64df759ceed0b56b456edb7693,external,external,11221390954834257,1,1,3420740,0.783089,24.933182
