owner,label,type,liquidity,positions,in_range_positions,token_ids,cur_usdc,cur_lmts
0x5f0aea872b7d6dbcc181338f80048b130e443e3b,our_pool_wallet,ours,9618089899615083,1,1,3390625,1003.359358,2999.440240
0x8ebe6ad4f5bd2f471e0eb828c5918996dd2cd756,buyb_cnbase,ours,879441087741846,1,1,3353478,90.698773,1147.886989
